<?xml version="1.0" encoding="UTF-8" standalone="yes"?>
<addon id="repository.emial18" name="EmiAl18 XBMC Add-ons" version="1.0.0" provider-name="EmiAl18">
	<extension point="xbmc.addon.repository" name="EmiAl18 XBMC Add-ons Repository">
		<info compressed="false">https://raw.github.com/emial18/xbmc-plugins/master/addons.xml</info>
		<checksum>https://raw.github.com/emial18/xbmc-plugins/master/addons.xml.md5</checksum>
		<datadir zip="true">https://raw.github.com/emial18/xbmc-plugins/master/repo/</datadir>
	</extension>
	<extension point="xbmc.addon.metadata">
		<summary>Install Add-ons from EmiAl18 add-on repository</summary>
		<description>Download and install add-ons by EmiAl18</description>
		<disclaimer>Add-ons for home usage in XBMC</disclaimer>
		<platform>all</platform>
	</extension>
</addon>